service_date,day_of_week,is_weekend,is_federal_holiday,is_spring_recess,is_summer_break,is_single_day_school_closure,is_school_day,major_event_count,event_count,has_event,has_any_event
2026-03-01,7,true,false,false,false,false,false,0,0,false,false
2026-03-02,1,false,false,false,false,false,true,0,0,false,false
2026-03-03,2,false,false,false,false,false,true,0,0,false,false
2026-03-04,3,false,false,false,false,false,true,0,0,false,false
2026-03-05,4,false,false,false,false,false,true,0,0,false,false
2026-03-06,5,false,false,false,false,false,true,0,0,false,false
2026-03-07,6,true,false,false,false,false,false,0,0,false,false
2026-03-08,7,true,false,false,false,false,false,0,0,false,false
2026-03-09,1,false,false,false,false,false,true,0,0,false,false
2026-03-10,2,false,false,false,false,false,true,0,0,false,false
2026-03-11,3,false,false,false,false,false,true,0,0,false,false
2026-03-12,4,false,false,false,false,false,true,0,0,false,false
2026-03-13,5,false,false,false,false,false,true,0,0,false,false
2026-03-14,6,true,false,false,false,false,false,0,0,false,false
2026-03-15,7,true,false,false,false,false,false,0,0,false,false
2026-03-16,1,false,false,false,false,false,true,0,0,false,false
2026-03-17,2,false,false,false,false,false,true,1,0,false,true
2026-03-18,3,false,false,false,false,false,true,0,0,false,false
2026-03-19,4,false,false,false,false,false,true,0,0,false,false
2026-03-20,5,false,false,false,false,true,false,0,0,false,false
2026-03-21,6,true,false,false,false,false,false,0,0,false,false
2026-03-22,7,true,false,false,false,false,false,0,0,false,false
2026-03-23,1,false,false,false,false,false,true,0,0,false,false
2026-03-24,2,false,false,false,false,false,true,0,0,false,false
2026-03-25,3,false,false,false,false,false,true,0,0,false,false
2026-03-26,4,false,false,false,false,false,true,0,0,false,false
2026-03-27,5,false,false,false,false,false,true,0,0,false,false
2026-03-28,6,true,false,false,false,false,false,0,0,false,false
2026-03-29,7,true,false,false,false,false,false,0,0,false,false
2026-03-30,1,false,false,false,false,false,true,0,0,false,false
2026-03-31,2,false,false,false,false,false,true,0,0,false,false
2026-04-01,3,false,false,false,false,false,true,0,0,false,false
2026-04-02,4,false,false,true,false,false,false,0,0,false,false
2026-04-03,5,false,false,true,false,false,false,0,0,false,false
2026-04-04,6,true,false,true,false,false,false,0,0,false,false
2026-04-05,7,true,false,true,false,false,false,1,0,false,true
2026-04-06,1,false,false,true,false,false,false,0,0,false,false
2026-04-07,2,false,false,true,false,false,false,0,0,false,false
2026-04-08,3,false,false,true,false,false,false,0,0,false,false
2026-04-09,4,false,false,true,false,false,false,0,0,false,false
2026-04-10,5,false,false,true,false,false,false,0,0,false,false
2026-04-11,6,true,false,false,false,false,false,0,0,false,false
2026-04-12,7,true,false,false,false,false,false,0,0,false,false
2026-04-13,1,false,false,false,false,false,true,0,0,false,false
2026-04-14,2,false,false,false,false,false,true,0,0,false,false
2026-04-15,3,false,false,false,false,false,true,0,0,false,false
2026-04-16,4,false,false,false,false,false,true,0,0,false,false
2026-04-17,5,false,false,false,false,false,true,0,0,false,false
2026-04-18,6,true,false,false,false,false,false,0,0,false,false
2026-04-19,7,true,false,false,false,false,false,0,0,false,false
2026-04-20,1,false,false,false,false,false,true,0,0,false,false
2026-04-21,2,false,false,false,false,false,true,0,0,false,false
2026-04-22,3,false,false,false,false,false,true,0,0,false,false
2026-04-23,4,false,false,false,false,false,true,0,0,false,false
2026-04-24,5,false,false,false,false,false,true,0,0,false,false
2026-04-25,6,true,false,false,false,false,false,0,0,false,false
2026-04-26,7,true,false,false,false,false,false,0,0,false,false
2026-04-27,1,false,false,false,false,false,true,0,0,false,false
2026-04-28,2,false,false,false,false,false,true,0,0,false,false
2026-04-29,3,false,false,false,false,false,true,0,0,false,false
2026-04-30,4,false,false,false,false,false,true,0,0,false,false
2026-05-01,5,false,false,false,false,false,true,0,0,false,false
2026-05-02,6,true,false,false,false,false,false,0,0,false,false
2026-05-03,7,true,false,false,false,false,false,0,0,false,false
2026-05-04,1,false,false,false,false,false,true,0,0,false,false
2026-05-05,2,false,false,false,false,false,true,0,0,false,false
2026-05-06,3,false,false,false,false,false,true,0,0,false,false
2026-05-07,4,false,false,false,false,false,true,0,0,false,false
2026-05-08,5,false,false,false,false,false,true,0,0,false,false
2026-05-09,6,true,false,false,false,false,false,0,0,false,false
2026-05-10,7,true,false,false,false,false,false,0,0,false,false
2026-05-11,1,false,false,false,false,false,true,0,0,false,false
2026-05-12,2,false,false,false,false,false,true,0,0,false,false
2026-05-13,3,false,false,false,false,false,true,0,0,false,false
2026-05-14,4,false,false,false,false,false,true,0,0,false,false
2026-05-15,5,false,false,false,false,false,true,0,0,false,false
2026-05-16,6,true,false,false,false,false,false,0,0,false,false
2026-05-17,7,true,false,false,false,false,false,0,0,false,false
2026-05-18,1,false,false,false,false,false,true,0,0,false,false
2026-05-19,2,false,false,false,false,false,true,0,0,false,false
2026-05-20,3,false,false,false,false,false,true,0,0,false,false
2026-05-21,4,false,false,false,false,false,true,0,0,false,false
2026-05-22,5,false,false,false,false,false,true,0,0,false,false
2026-05-23,6,true,false,false,false,false,false,0,0,false,false
2026-05-24,7,true,false,false,false,false,false,0,0,false,false
2026-05-25,1,false,true,false,false,true,false,0,0,false,false
2026-05-26,2,false,false,false,false,false,true,0,0,false,false
2026-05-27,3,false,false,false,false,true,false,0,0,false,false
2026-05-28,4,false,false,false,false,false,true,0,0,false,false
2026-05-29,5,false,false,false,false,false,true,0,0,false,false
2026-05-30,6,true,false,false,false,false,false,0,0,false,false
2026-05-31,7,true,false,false,false,false,false,0,0,false,false
2026-06-01,1,false,false,false,false,false,true,0,0,false,false
2026-06-02,2,false,false,false,false,false,true,0,0,false,false
2026-06-03,3,false,false,false,false,false,true,0,0,false,false
2026-06-04,4,false,false,false,false,true,false,0,0,false,false
2026-06-05,5,false,false,false,false,false,true,0,0,false,false
2026-06-06,6,true,false,false,false,false,false,0,0,false,false
2026-06-07,7,true,false,false,false,false,false,0,0,false,false
2026-06-08,1,false,false,false,false,false,true,0,0,false,false
2026-06-09,2,false,false,false,false,false,true,0,0,false,false
2026-06-10,3,false,false,false,false,false,true,0,0,false,false
2026-06-11,4,false,false,false,false,false,true,0,0,false,false
2026-06-12,5,false,false,false,false,false,true,0,0,false,false
2026-06-13,6,true,false,false,false,false,false,0,0,false,false
2026-06-14,7,true,false,false,false,false,false,1,0,false,true
2026-06-15,1,false,false,false,false,false,true,0,0,false,false
2026-06-16,2,false,false,false,false,false,true,0,0,false,false
2026-06-17,3,false,false,false,false,false,true,0,0,false,false
2026-06-18,4,false,false,false,false,false,true,0,0,false,false
2026-06-19,5,false,true,false,false,true,false,0,0,false,false
2026-06-20,6,true,false,false,false,false,false,0,0,false,false
2026-06-21,7,true,false,false,false,false,false,0,0,false,false
2026-06-22,1,false,false,false,false,false,true,0,0,false,false
2026-06-23,2,false,false,false,false,false,true,0,0,false,false
2026-06-24,3,false,false,false,false,false,true,0,0,false,false
2026-06-25,4,false,false,false,false,false,true,0,0,false,false
2026-06-26,5,false,false,false,false,false,true,0,0,false,false
2026-06-27,6,true,false,false,true,false,false,0,0,false,false
2026-06-28,7,true,false,false,true,false,false,1,0,false,true
2026-06-29,1,false,false,false,true,false,false,0,0,false,false
2026-06-30,2,false,false,false,true,false,false,0,0,false,false
2026-07-01,3,false,false,false,true,false,false,0,0,false,false
2026-07-02,4,false,false,false,true,false,false,0,0,false,false
2026-07-03,5,false,true,false,true,false,false,1,0,false,true
2026-07-04,6,true,false,false,true,false,false,2,0,false,true
2026-07-05,7,true,false,false,true,false,false,1,0,false,true
2026-07-06,1,false,false,false,true,false,false,1,0,false,true
2026-07-07,2,false,false,false,true,false,false,1,0,false,true
2026-07-08,3,false,false,false,true,false,false,1,0,false,true
2026-07-09,4,false,false,false,true,false,false,0,0,false,false
2026-07-10,5,false,false,false,true,false,false,0,0,false,false
2026-07-11,6,true,false,false,true,false,false,0,0,false,false
2026-07-12,7,true,false,false,true,false,false,0,0,false,false
2026-07-13,1,false,false,false,true,false,false,0,0,false,false
2026-07-14,2,false,false,false,true,false,false,0,0,false,false
2026-07-15,3,false,false,false,true,false,false,0,0,false,false
2026-07-16,4,false,false,false,true,false,false,0,0,false,false
2026-07-17,5,false,false,false,true,false,false,0,0,false,false
